date,daOfWeek,holidayName,productName,quantity,price
2012/1/1,Sun,元日,赤城　ガリガリ君ソーダ　１１３ｍｌ,0,0
2012/1/2,Mon,振替休日,赤城　ガリガリ君ソーダ　１１３ｍｌ,4,252
2012/1/3,Tue,,赤城　ガリガリ君ソーダ　１１３ｍｌ,2,126
2012/1/4,Wed,,赤城　ガリガリ君ソーダ　１１３ｍｌ,3,189
2012/1/5,Thu,,赤城　ガリガリ君ソーダ　１１３ｍｌ,3,189
2012/1/6,Fri,,赤城　ガリガリ君ソーダ　１１３ｍｌ,0,0
2012/1/7,Sat,,赤城　ガリガリ君ソーダ　１１３ｍｌ,0,0
2012/1/8,Sun,,赤城　ガリガリ君ソーダ　１１３ｍｌ,3,150
2012/1/9,Mon,成人の日,赤城　ガリガリ君ソーダ　１１３ｍｌ,0,0
2012/1/10,Tue,,赤城　ガリガリ君ソーダ　１１３ｍｌ,0,0
2012/1/11,Wed,,赤城　ガリガリ君ソーダ　１１３ｍｌ,0,0
2012/1/12,Thu,,赤城　ガリガリ君ソーダ　１１３ｍｌ,3,189
2012/1/13,Fri,,赤城　ガリガリ君ソーダ　１１３ｍｌ,0,0
2012/1/14,Sat,,赤城　ガリガリ君ソーダ　１１３ｍｌ,2,97
2012/1/15,Sun,,赤城　ガリガリ君ソーダ　１１３ｍｌ,15,750
2012/1/16,Mon,,赤城　ガリガリ君ソーダ　１１３ｍｌ,3,150
2012/1/17,Tue,,赤城　ガリガリ君ソーダ　１１３ｍｌ,1,50
2012/1/18,Wed,,赤城　ガリガリ君ソーダ　１１３ｍｌ,0,0
2012/1/19,Thu,,赤城　ガリガリ君ソーダ　１１３ｍｌ,2,126
2012/1/20,Fri,,赤城　ガリガリ君ソーダ　１１３ｍｌ,3,189
2012/1/21,Sat,,赤城　ガリガリ君ソーダ　１１３ｍｌ,3,189
2012/1/22,Sun,,赤城　ガリガリ君ソーダ　１１３ｍｌ,1,63
2012/1/23,Mon,,赤城　ガリガリ君ソーダ　１１３ｍｌ,2,126
2012/1/24,Tue,,赤城　ガリガリ君ソーダ　１１３ｍｌ,0,0
2012/1/25,Wed,,赤城　ガリガリ君ソーダ　１１３ｍｌ,2,126
2012/1/26,Thu,,赤城　ガリガリ君ソーダ　１１３ｍｌ,1,63
2012/1/27,Fri,,赤城　ガリガリ君ソーダ　１１３ｍｌ,11,689
2012/1/28,Sat,,赤城　ガリガリ君ソーダ　１１３ｍｌ,4,176
2012/1/29,Sun,,赤城　ガリガリ君ソーダ　１１３ｍｌ,1,63
2012/1/30,Mon,,赤城　ガリガリ君ソーダ　１１３ｍｌ,0,0
2012/1/31,Tue,,赤城　ガリガリ君ソーダ　１１３ｍｌ,1,63
2012/2/1,Wed,,赤城　ガリガリ君ソーダ　１１３ｍｌ,0,0
2012/2/2,Thu,,赤城　ガリガリ君ソーダ　１１３ｍｌ,1,63
2012/2/3,Fri,,赤城　ガリガリ君ソーダ　１１３ｍｌ,5,315
2012/2/4,Sat,,赤城　ガリガリ君ソーダ　１１３ｍｌ,1,50
2012/2/5,Sun,,赤城　ガリガリ君ソーダ　１１３ｍｌ,11,550
2012/2/6,Mon,,赤城　ガリガリ君ソーダ　１１３ｍｌ,0,0
2012/2/7,Tue,,赤城　ガリガリ君ソーダ　１１３ｍｌ,5,250
2012/2/8,Wed,,赤城　ガリガリ君ソーダ　１１３ｍｌ,11,693
2012/2/9,Thu,,赤城　ガリガリ君ソーダ　１１３ｍｌ,4,252
2012/2/10,Fri,,赤城　ガリガリ君ソーダ　１１３ｍｌ,5,315
2012/2/11,Sat,建国記念日,赤城　ガリガリ君ソーダ　１１３ｍｌ,0,0
2012/2/12,Sun,,赤城　ガリガリ君ソーダ　１１３ｍｌ,7,441
2012/2/13,Mon,,赤城　ガリガリ君ソーダ　１１３ｍｌ,1,63
2012/2/14,Tue,,赤城　ガリガリ君ソーダ　１１３ｍｌ,0,0
2012/2/15,Wed,,赤城　ガリガリ君ソーダ　１１３ｍｌ,0,0
2012/2/16,Thu,,赤城　ガリガリ君ソーダ　１１３ｍｌ,3,189
2012/2/17,Fri,,赤城　ガリガリ君ソーダ　１１３ｍｌ,0,0
2012/2/18,Sat,,赤城　ガリガリ君ソーダ　１１３ｍｌ,13,650
2012/2/19,Sun,,赤城　ガリガリ君ソーダ　１１３ｍｌ,2,100
2012/2/20,Mon,,赤城　ガリガリ君ソーダ　１１３ｍｌ,0,0
2012/2/21,Tue,,赤城　ガリガリ君ソーダ　１１３ｍｌ,0,0
2012/2/22,Wed,,赤城　ガリガリ君ソーダ　１１３ｍｌ,1,63
2012/2/23,Thu,,赤城　ガリガリ君ソーダ　１１３ｍｌ,0,0
2012/2/24,Fri,,赤城　ガリガリ君ソーダ　１１３ｍｌ,0,0
2012/2/25,Sat,,赤城　ガリガリ君ソーダ　１１３ｍｌ,7,308
2012/2/26,Sun,,赤城　ガリガリ君ソーダ　１１３ｍｌ,3,189
2012/2/27,Mon,,赤城　ガリガリ君ソーダ　１１３ｍｌ,0,0
2012/2/28,Tue,,赤城　ガリガリ君ソーダ　１１３ｍｌ,0,0
2012/2/29,Wed,,赤城　ガリガリ君ソーダ　１１３ｍｌ,0,0
2012/3/1,Thu,,赤城　ガリガリ君ソーダ　１１３ｍｌ,3,150
2012/3/2,Fri,,赤城　ガリガリ君ソーダ　１１３ｍｌ,0,0
2012/3/3,Sat,,赤城　ガリガリ君ソーダ　１１３ｍｌ,13,650
2012/3/4,Sun,,赤城　ガリガリ君ソーダ　１１３ｍｌ,12,756
2012/3/5,Mon,,赤城　ガリガリ君ソーダ　１１３ｍｌ,1,63
2012/3/6,Tue,,赤城　ガリガリ君ソーダ　１１３ｍｌ,1,63
2012/3/7,Wed,,赤城　ガリガリ君ソーダ　１１３ｍｌ,2,126
2012/3/8,Thu,,赤城　ガリガリ君ソーダ　１１３ｍｌ,0,0
2012/3/9,Fri,,赤城　ガリガリ君ソーダ　１１３ｍｌ,5,315
2012/3/10,Sat,,赤城　ガリガリ君ソーダ　１１３ｍｌ,2,126
2012/3/11,Sun,,赤城　ガリガリ君ソーダ　１１３ｍｌ,1,63
2012/3/12,Mon,,赤城　ガリガリ君ソーダ　１１３ｍｌ,0,0
2012/3/13,Tue,,赤城　ガリガリ君ソーダ　１１３ｍｌ,4,252
2012/3/14,Wed,,赤城　ガリガリ君ソーダ　１１３ｍｌ,3,189
2012/3/15,Thu,,赤城　ガリガリ君ソーダ　１１３ｍｌ,2,118
2012/3/16,Fri,,赤城　ガリガリ君ソーダ　１１３ｍｌ,4,252
2012/3/17,Sat,,赤城　ガリガリ君ソーダ　１１３ｍｌ,3,189
2012/3/18,Sun,,赤城　ガリガリ君ソーダ　１１３ｍｌ,12,756
2012/3/19,Mon,,赤城　ガリガリ君ソーダ　１１３ｍｌ,4,252
2012/3/20,Tue,春分の日,赤城　ガリガリ君ソーダ　１１３ｍｌ,1,63
2012/3/21,Wed,,赤城　ガリガリ君ソーダ　１１３ｍｌ,0,0
2012/3/22,Thu,,赤城　ガリガリ君ソーダ　１１３ｍｌ,2,126
2012/3/23,Fri,,赤城　ガリガリ君ソーダ　１１３ｍｌ,1,63
2012/3/24,Sat,,赤城　ガリガリ君ソーダ　１１３ｍｌ,10,440
2012/3/25,Sun,,赤城　ガリガリ君ソーダ　１１３ｍｌ,20,1220
2012/3/26,Mon,,赤城　ガリガリ君ソーダ　１１３ｍｌ,3,189
2012/3/27,Tue,,赤城　ガリガリ君ソーダ　１１３ｍｌ,4,252
2012/3/28,Wed,,赤城　ガリガリ君ソーダ　１１３ｍｌ,5,315
2012/3/29,Thu,,赤城　ガリガリ君ソーダ　１１３ｍｌ,0,0
2012/3/30,Fri,,赤城　ガリガリ君ソーダ　１１３ｍｌ,2,126
2012/3/31,Sat,,赤城　ガリガリ君ソーダ　１１３ｍｌ,0,0
2012/4/1,Sun,,赤城　ガリガリ君ソーダ　１１３ｍｌ,10,630
2012/4/2,Mon,,赤城　ガリガリ君ソーダ　１１３ｍｌ,2,126
2012/4/3,Tue,,赤城　ガリガリ君ソーダ　１１３ｍｌ,6,378
2012/4/4,Wed,,赤城　ガリガリ君ソーダ　１１３ｍｌ,2,126
2012/4/5,Thu,,赤城　ガリガリ君ソーダ　１１３ｍｌ,1,63
2012/4/6,Fri,,赤城　ガリガリ君ソーダ　１１３ｍｌ,4,252
2012/4/7,Sat,,赤城　ガリガリ君ソーダ　１１３ｍｌ,7,441
2012/4/8,Sun,,赤城　ガリガリ君ソーダ　１１３ｍｌ,13,819
2012/4/9,Mon,,赤城　ガリガリ君ソーダ　１１３ｍｌ,7,441
2012/4/10,Tue,,赤城　ガリガリ君ソーダ　１１３ｍｌ,6,378
2012/4/11,Wed,,赤城　ガリガリ君ソーダ　１１３ｍｌ,0,0
2012/4/12,Thu,,赤城　ガリガリ君ソーダ　１１３ｍｌ,4,252
2012/4/13,Fri,,赤城　ガリガリ君ソーダ　１１３ｍｌ,1,63
2012/4/14,Sat,,赤城　ガリガリ君ソーダ　１１３ｍｌ,3,189
2012/4/15,Sun,,赤城　ガリガリ君ソーダ　１１３ｍｌ,16,1008
2012/4/16,Mon,,赤城　ガリガリ君ソーダ　１１３ｍｌ,2,126
2012/4/17,Tue,,赤城　ガリガリ君ソーダ　１１３ｍｌ,1,63
2012/4/18,Wed,,赤城　ガリガリ君ソーダ　１１３ｍｌ,7,441
2012/4/19,Thu,,赤城　ガリガリ君ソーダ　１１３ｍｌ,5,315
2012/4/20,Fri,,赤城　ガリガリ君ソーダ　１１３ｍｌ,5,315
2012/4/21,Sat,,赤城　ガリガリ君ソーダ　１１３ｍｌ,6,378
2012/4/22,Sun,,赤城　ガリガリ君ソーダ　１１３ｍｌ,8,504
2012/4/23,Mon,,赤城　ガリガリ君ソーダ　１１３ｍｌ,6,378
2012/4/24,Tue,,赤城　ガリガリ君ソーダ　１１３ｍｌ,9,567
2012/4/25,Wed,,赤城　ガリガリ君ソーダ　１１３ｍｌ,7,433
2012/4/26,Thu,,赤城　ガリガリ君ソーダ　１１３ｍｌ,1,63
2012/4/27,Fri,,赤城　ガリガリ君ソーダ　１１３ｍｌ,0,0
2012/4/28,Sat,,赤城　ガリガリ君ソーダ　１１３ｍｌ,18,792
2012/4/29,Sun,昭和の日,赤城　ガリガリ君ソーダ　１１３ｍｌ,9,559
2012/4/30,Mon,振替休日,赤城　ガリガリ君ソーダ　１１３ｍｌ,7,441
2012/5/1,Tue,,赤城　ガリガリ君ソーダ　１１３ｍｌ,7,441
2012/5/2,Wed,,赤城　ガリガリ君ソーダ　１１３ｍｌ,7,441
2012/5/3,Thu,憲法記念日,赤城　ガリガリ君ソーダ　１１３ｍｌ,0,0
2012/5/4,Fri,みどりの日,赤城　ガリガリ君ソーダ　１１３ｍｌ,18,1134
2012/5/5,Sat,こどもの日,赤城　ガリガリ君ソーダ　１１３ｍｌ,20,1000
2012/5/6,Sun,,赤城　ガリガリ君ソーダ　１１３ｍｌ,17,850
2012/5/7,Mon,,赤城　ガリガリ君ソーダ　１１３ｍｌ,9,450
2012/5/8,Tue,,赤城　ガリガリ君ソーダ　１１３ｍｌ,2,100
2012/5/9,Wed,,赤城　ガリガリ君ソーダ　１１３ｍｌ,0,0
2012/5/10,Thu,,赤城　ガリガリ君ソーダ　１１３ｍｌ,4,244
2012/5/11,Fri,,赤城　ガリガリ君ソーダ　１１３ｍｌ,1,63
2012/5/12,Sat,,赤城　ガリガリ君ソーダ　１１３ｍｌ,2,126
2012/5/13,Sun,,赤城　ガリガリ君ソーダ　１１３ｍｌ,11,693
2012/5/14,Mon,,赤城　ガリガリ君ソーダ　１１３ｍｌ,1,63
2012/5/15,Tue,,赤城　ガリガリ君ソーダ　１１３ｍｌ,3,189
2012/5/16,Wed,,赤城　ガリガリ君ソーダ　１１３ｍｌ,18,1134
2012/5/17,Thu,,赤城　ガリガリ君ソーダ　１１３ｍｌ,2,126
2012/5/18,Fri,,赤城　ガリガリ君ソーダ　１１３ｍｌ,7,441
2012/5/19,Sat,,赤城　ガリガリ君ソーダ　１１３ｍｌ,12,600
2012/5/20,Sun,,赤城　ガリガリ君ソーダ　１１３ｍｌ,18,900
2012/5/21,Mon,,赤城　ガリガリ君ソーダ　１１３ｍｌ,6,300
2012/5/22,Tue,,赤城　ガリガリ君ソーダ　１１３ｍｌ,16,752
2012/5/23,Wed,,赤城　ガリガリ君ソーダ　１１３ｍｌ,4,252
2012/5/24,Thu,,赤城　ガリガリ君ソーダ　１１３ｍｌ,4,252
2012/5/25,Fri,,赤城　ガリガリ君ソーダ　１１３ｍｌ,3,189
2012/5/26,Sat,,赤城　ガリガリ君ソーダ　１１３ｍｌ,13,572
2012/5/27,Sun,,赤城　ガリガリ君ソーダ　１１３ｍｌ,4,252
2012/5/28,Mon,,赤城　ガリガリ君ソーダ　１１３ｍｌ,4,252
2012/5/29,Tue,,赤城　ガリガリ君ソーダ　１１３ｍｌ,8,504
2012/5/30,Wed,,赤城　ガリガリ君ソーダ　１１３ｍｌ,3,189
2012/5/31,Thu,,赤城　ガリガリ君ソーダ　１１３ｍｌ,0,0
2012/6/1,Fri,,赤城　ガリガリ君ソーダ　１１３ｍｌ,6,300
2012/6/2,Sat,,赤城　ガリガリ君ソーダ　１１３ｍｌ,3,150
2012/6/3,Sun,,赤城　ガリガリ君ソーダ　１１３ｍｌ,10,500
2012/6/4,Mon,,赤城　ガリガリ君ソーダ　１１３ｍｌ,12,600
2012/6/5,Tue,,赤城　ガリガリ君ソーダ　１１３ｍｌ,18,882
2012/6/6,Wed,,赤城　ガリガリ君ソーダ　１１３ｍｌ,3,189
2012/6/7,Thu,,赤城　ガリガリ君ソーダ　１１３ｍｌ,5,315
2012/6/8,Fri,,赤城　ガリガリ君ソーダ　１１３ｍｌ,3,189
2012/6/9,Sat,,赤城　ガリガリ君ソーダ　１１３ｍｌ,3,189
2012/6/10,Sun,,赤城　ガリガリ君ソーダ　１１３ｍｌ,10,630
2012/6/11,Mon,,赤城　ガリガリ君ソーダ　１１３ｍｌ,8,504
2012/6/12,Tue,,赤城　ガリガリ君ソーダ　１１３ｍｌ,5,315
2012/6/13,Wed,,赤城　ガリガリ君ソーダ　１１３ｍｌ,2,126
2012/6/14,Thu,,赤城　ガリガリ君ソーダ　１１３ｍｌ,3,189
2012/6/15,Fri,,赤城　ガリガリ君ソーダ　１１３ｍｌ,16,764
2012/6/16,Sat,,赤城　ガリガリ君ソーダ　１１３ｍｌ,13,650
2012/6/17,Sun,,赤城　ガリガリ君ソーダ　１１３ｍｌ,34,1700
2012/6/18,Mon,,赤城　ガリガリ君ソーダ　１１３ｍｌ,4,200
2012/6/19,Tue,,赤城　ガリガリ君ソーダ　１１３ｍｌ,4,194
2012/6/20,Wed,,赤城　ガリガリ君ソーダ　１１３ｍｌ,4,252
2012/6/21,Thu,,赤城　ガリガリ君ソーダ　１１３ｍｌ,7,441
2012/6/22,Fri,,赤城　ガリガリ君ソーダ　１１３ｍｌ,0,0
2012/6/23,Sat,,赤城　ガリガリ君ソーダ　１１３ｍｌ,18,792
2012/6/24,Sun,,赤城　ガリガリ君ソーダ　１１３ｍｌ,7,433
2012/6/25,Mon,,赤城　ガリガリ君ソーダ　１１３ｍｌ,1,63
2012/6/26,Tue,,赤城　ガリガリ君ソーダ　１１３ｍｌ,7,441
2012/6/27,Wed,,赤城　ガリガリ君ソーダ　１１３ｍｌ,11,693
2012/6/28,Thu,,赤城　ガリガリ君ソーダ　１１３ｍｌ,4,252
2012/6/29,Fri,,赤城　ガリガリ君ソーダ　１１３ｍｌ,6,378
2012/6/30,Sat,,赤城　ガリガリ君ソーダ　１１３ｍｌ,11,685
2012/7/1,Sun,,赤城　ガリガリ君ソーダ　１１３ｍｌ,28,1400
2012/7/2,Mon,,赤城　ガリガリ君ソーダ　１１３ｍｌ,17,850
2012/7/3,Tue,,赤城　ガリガリ君ソーダ　１１３ｍｌ,6,300
2012/7/4,Wed,,赤城　ガリガリ君ソーダ　１１３ｍｌ,9,567
2012/7/5,Thu,,赤城　ガリガリ君ソーダ　１１３ｍｌ,7,421
2012/7/6,Fri,,赤城　ガリガリ君ソーダ　１１３ｍｌ,11,693
2012/7/7,Sat,,赤城　ガリガリ君ソーダ　１１３ｍｌ,13,819
2012/7/8,Sun,,赤城　ガリガリ君ソーダ　１１３ｍｌ,6,378
2012/7/9,Mon,,赤城　ガリガリ君ソーダ　１１３ｍｌ,8,504
2012/7/10,Tue,,赤城　ガリガリ君ソーダ　１１３ｍｌ,15,945
2012/7/11,Wed,,赤城　ガリガリ君ソーダ　１１３ｍｌ,20,1260
2012/7/12,Thu,,赤城　ガリガリ君ソーダ　１１３ｍｌ,10,630
2012/7/13,Fri,,赤城　ガリガリ君ソーダ　１１３ｍｌ,14,882
2012/7/14,Sat,,赤城　ガリガリ君ソーダ　１１３ｍｌ,8,400
2012/7/15,Sun,,赤城　ガリガリ君ソーダ　１１３ｍｌ,29,1450
2012/7/16,Mon,海の日,赤城　ガリガリ君ソーダ　１１３ｍｌ,31,1508
2012/7/17,Tue,,赤城　ガリガリ君ソーダ　１１３ｍｌ,29,1408
2012/7/18,Wed,,赤城　ガリガリ君ソーダ　１１３ｍｌ,26,1638
2012/7/19,Thu,,赤城　ガリガリ君ソーダ　１１３ｍｌ,27,1701
2012/7/20,Fri,,赤城　ガリガリ君ソーダ　１１３ｍｌ,10,630
2012/7/21,Sat,,赤城　ガリガリ君ソーダ　１１３ｍｌ,17,1071
2012/7/22,Sun,,赤城　ガリガリ君ソーダ　１１３ｍｌ,10,594
2012/7/23,Mon,,赤城　ガリガリ君ソーダ　１１３ｍｌ,18,1134
2012/7/24,Tue,,赤城　ガリガリ君ソーダ　１１３ｍｌ,15,945
2012/7/25,Wed,,赤城　ガリガリ君ソーダ　１１３ｍｌ,25,1575
2012/7/26,Thu,,赤城　ガリガリ君ソーダ　１１３ｍｌ,32,2016
2012/7/27,Fri,,赤城　ガリガリ君ソーダ　１１３ｍｌ,17,1071
2012/7/28,Sat,,赤城　ガリガリ君ソーダ　１１３ｍｌ,24,1056
2012/7/29,Sun,,赤城　ガリガリ君ソーダ　１１３ｍｌ,39,2393
2012/7/30,Mon,,赤城　ガリガリ君ソーダ　１１３ｍｌ,23,1449
2012/7/31,Tue,,赤城　ガリガリ君ソーダ　１１３ｍｌ,28,1764
2012/8/1,Wed,,赤城　ガリガリ君ソーダ　１１３ｍｌ,16,1008
2012/8/2,Thu,,赤城　ガリガリ君ソーダ　１１３ｍｌ,25,1575
2012/8/3,Fri,,赤城　ガリガリ君ソーダ　１１３ｍｌ,24,1512
2012/8/4,Sat,,赤城　ガリガリ君ソーダ　１１３ｍｌ,30,1500
2012/8/5,Sun,,赤城　ガリガリ君ソーダ　１１３ｍｌ,21,1050
2012/8/6,Mon,,赤城　ガリガリ君ソーダ　１１３ｍｌ,15,750
2012/8/7,Tue,,赤城　ガリガリ君ソーダ　１１３ｍｌ,22,1100
2012/8/8,Wed,,赤城　ガリガリ君ソーダ　１１３ｍｌ,21,1323
2012/8/9,Thu,,赤城　ガリガリ君ソーダ　１１３ｍｌ,13,819
2012/8/10,Fri,,赤城　ガリガリ君ソーダ　１１３ｍｌ,11,693
2012/8/11,Sat,,赤城　ガリガリ君ソーダ　１１３ｍｌ,16,800
2012/8/12,Sun,,赤城　ガリガリ君ソーダ　１１３ｍｌ,25,1250
2012/8/13,Mon,,赤城　ガリガリ君ソーダ　１１３ｍｌ,31,1550
2012/8/14,Tue,,赤城　ガリガリ君ソーダ　１１３ｍｌ,19,950
2012/8/15,Wed,,赤城　ガリガリ君ソーダ　１１３ｍｌ,18,1114
2012/8/16,Thu,,赤城　ガリガリ君ソーダ　１１３ｍｌ,18,1134
2012/8/17,Fri,,赤城　ガリガリ君ソーダ　１１３ｍｌ,8,504
2012/8/18,Sat,,赤城　ガリガリ君ソーダ　１１３ｍｌ,20,1000
2012/8/19,Sun,,赤城　ガリガリ君ソーダ　１１３ｍｌ,44,2200
2012/8/20,Mon,,赤城　ガリガリ君ソーダ　１１３ｍｌ,26,1300
2012/8/21,Tue,,赤城　ガリガリ君ソーダ　１１３ｍｌ,27,1350
2012/8/22,Wed,,赤城　ガリガリ君ソーダ　１１３ｍｌ,24,1512
2012/8/23,Thu,,赤城　ガリガリ君ソーダ　１１３ｍｌ,23,1449
2012/8/24,Fri,,赤城　ガリガリ君ソーダ　１１３ｍｌ,21,1323
2012/8/25,Sat,,赤城　ガリガリ君ソーダ　１１３ｍｌ,32,1408
2012/8/26,Sun,,赤城　ガリガリ君ソーダ　１１３ｍｌ,18,1102
2012/8/27,Mon,,赤城　ガリガリ君ソーダ　１１３ｍｌ,26,1578
2012/8/28,Tue,,赤城　ガリガリ君ソーダ　１１３ｍｌ,8,504
2012/8/29,Wed,,赤城　ガリガリ君ソーダ　１１３ｍｌ,38,1900
2012/8/30,Thu,,赤城　ガリガリ君ソーダ　１１３ｍｌ,24,1200
2012/8/31,Fri,,赤城　ガリガリ君ソーダ　１１３ｍｌ,29,1450
2012/9/1,Sat,,赤城　ガリガリ君ソーダ　１１３ｍｌ,18,900
2012/9/2,Sun,,赤城　ガリガリ君ソーダ　１１３ｍｌ,30,1500
2012/9/3,Mon,,赤城　ガリガリ君ソーダ　１１３ｍｌ,24,1512
2012/9/4,Tue,,赤城　ガリガリ君ソーダ　１１３ｍｌ,18,1134
2012/9/5,Wed,,赤城　ガリガリ君ソーダ　１１３ｍｌ,15,945
2012/9/6,Thu,,赤城　ガリガリ君ソーダ　１１３ｍｌ,17,1071
2012/9/7,Fri,,赤城　ガリガリ君ソーダ　１１３ｍｌ,28,1764
2012/9/8,Sat,,赤城　ガリガリ君ソーダ　１１３ｍｌ,18,1134
2012/9/9,Sun,,赤城　ガリガリ君ソーダ　１１３ｍｌ,33,2079
2012/9/10,Mon,,赤城　ガリガリ君ソーダ　１１３ｍｌ,26,1638
2012/9/11,Tue,,赤城　ガリガリ君ソーダ　１１３ｍｌ,22,1386
2012/9/12,Wed,,赤城　ガリガリ君ソーダ　１１３ｍｌ,25,1575
2012/9/13,Thu,,赤城　ガリガリ君ソーダ　１１３ｍｌ,26,1638
2012/9/14,Fri,,赤城　ガリガリ君ソーダ　１１３ｍｌ,15,747
2012/9/15,Sat,,赤城　ガリガリ君ソーダ　１１３ｍｌ,45,2148
2012/9/16,Sun,,赤城　ガリガリ君ソーダ　１１３ｍｌ,59,2950
2012/9/17,Mon,敬老の日,赤城　ガリガリ君ソーダ　１１３ｍｌ,16,800
2012/9/18,Tue,,赤城　ガリガリ君ソーダ　１１３ｍｌ,16,1008
2012/9/19,Wed,,赤城　ガリガリ君ソーダ　１１３ｍｌ,8,504
2012/9/20,Thu,,赤城　ガリガリ君ソーダ　１１３ｍｌ,13,819
2012/9/21,Fri,,赤城　ガリガリ君ソーダ　１１３ｍｌ,8,504
2012/9/22,Sat,秋分の日,赤城　ガリガリ君ソーダ　１１３ｍｌ,15,945
2012/9/23,Sun,,赤城　ガリガリ君ソーダ　１１３ｍｌ,13,819
2012/9/24,Mon,,赤城　ガリガリ君ソーダ　１１３ｍｌ,9,567
2012/9/25,Tue,,赤城　ガリガリ君ソーダ　１１３ｍｌ,4,252
2012/9/26,Wed,,赤城　ガリガリ君ソーダ　１１３ｍｌ,20,1260
2012/9/27,Thu,,赤城　ガリガリ君ソーダ　１１３ｍｌ,1,63
2012/9/28,Fri,,赤城　ガリガリ君ソーダ　１１３ｍｌ,10,630
2012/9/29,Sat,,赤城　ガリガリ君ソーダ　１１３ｍｌ,22,923
2012/9/30,Sun,,赤城　ガリガリ君ソーダ　１１３ｍｌ,20,1248
2012/10/1,Mon,,赤城　ガリガリ君ソーダ　１１３ｍｌ,16,1008
2012/10/2,Tue,,赤城　ガリガリ君ソーダ　１１３ｍｌ,11,693
2012/10/3,Wed,,赤城　ガリガリ君ソーダ　１１３ｍｌ,0,0
2012/10/4,Thu,,赤城　ガリガリ君ソーダ　１１３ｍｌ,19,1197
2012/10/5,Fri,,赤城　ガリガリ君ソーダ　１１３ｍｌ,14,700
2012/10/6,Sat,,赤城　ガリガリ君ソーダ　１１３ｍｌ,17,850
2012/10/7,Sun,,赤城　ガリガリ君ソーダ　１１３ｍｌ,4,200
2012/10/8,Mon,体育の日,赤城　ガリガリ君ソーダ　１１３ｍｌ,7,350
2012/10/9,Tue,,赤城　ガリガリ君ソーダ　１１３ｍｌ,5,315
2012/10/10,Wed,,赤城　ガリガリ君ソーダ　１１３ｍｌ,10,630
2012/10/11,Thu,,赤城　ガリガリ君ソーダ　１１３ｍｌ,4,252
2012/10/12,Fri,,赤城　ガリガリ君ソーダ　１１３ｍｌ,6,378
2012/10/13,Sat,,赤城　ガリガリ君ソーダ　１１３ｍｌ,10,630
2012/10/14,Sun,,赤城　ガリガリ君ソーダ　１１３ｍｌ,7,441
2012/10/15,Mon,,赤城　ガリガリ君ソーダ　１１３ｍｌ,17,1003
2012/10/16,Tue,,赤城　ガリガリ君ソーダ　１１３ｍｌ,2,126
2012/10/17,Wed,,赤城　ガリガリ君ソーダ　１１３ｍｌ,2,126
2012/10/18,Thu,,赤城　ガリガリ君ソーダ　１１３ｍｌ,1,63
2012/10/19,Fri,,赤城　ガリガリ君ソーダ　１１３ｍｌ,7,350
2012/10/20,Sat,,赤城　ガリガリ君ソーダ　１１３ｍｌ,7,350
2012/10/21,Sun,,赤城　ガリガリ君ソーダ　１１３ｍｌ,10,500
2012/10/22,Mon,,赤城　ガリガリ君ソーダ　１１３ｍｌ,2,126
2012/10/23,Tue,,赤城　ガリガリ君ソーダ　１１３ｍｌ,2,126
2012/10/24,Wed,,赤城　ガリガリ君ソーダ　１１３ｍｌ,4,252
2012/10/25,Thu,,赤城　ガリガリ君ソーダ　１１３ｍｌ,6,378
2012/10/26,Fri,,赤城　ガリガリ君ソーダ　１１３ｍｌ,3,189
2012/10/27,Sat,,赤城　ガリガリ君ソーダ　１１３ｍｌ,3,132
2012/10/28,Sun,,赤城　ガリガリ君ソーダ　１１３ｍｌ,3,185
2012/10/29,Mon,,赤城　ガリガリ君ソーダ　１１３ｍｌ,0,0
2012/10/30,Tue,,赤城　ガリガリ君ソーダ　１１３ｍｌ,4,252
2012/10/31,Wed,,赤城　ガリガリ君ソーダ　１１３ｍｌ,1,63
2012/11/1,Thu,,赤城　ガリガリ君ソーダ　１１３ｍｌ,6,378
2012/11/2,Fri,,赤城　ガリガリ君ソーダ　１１３ｍｌ,3,189
2012/11/3,Sat,文化の日,赤城　ガリガリ君ソーダ　１１３ｍｌ,3,189
2012/11/4,Sun,,赤城　ガリガリ君ソーダ　１１３ｍｌ,2,126
2012/11/5,Mon,,赤城　ガリガリ君ソーダ　１１３ｍｌ,1,63
2012/11/6,Tue,,赤城　ガリガリ君ソーダ　１１３ｍｌ,2,126
2012/11/7,Wed,,赤城　ガリガリ君ソーダ　１１３ｍｌ,11,693
2012/11/8,Thu,,赤城　ガリガリ君ソーダ　１１３ｍｌ,3,189
2012/11/9,Fri,,赤城　ガリガリ君ソーダ　１１３ｍｌ,2,126
2012/11/10,Sat,,赤城　ガリガリ君ソーダ　１１３ｍｌ,3,189
2012/11/11,Sun,,赤城　ガリガリ君ソーダ　１１３ｍｌ,3,189
2012/11/12,Mon,,赤城　ガリガリ君ソーダ　１１３ｍｌ,2,126
2012/11/13,Tue,,赤城　ガリガリ君ソーダ　１１３ｍｌ,11,693
2012/11/14,Wed,,赤城　ガリガリ君ソーダ　１１３ｍｌ,4,252
2012/11/15,Thu,,赤城　ガリガリ君ソーダ　１１３ｍｌ,8,388
2012/11/16,Fri,,赤城　ガリガリ君ソーダ　１１３ｍｌ,8,400
2012/11/17,Sat,,赤城　ガリガリ君ソーダ　１１３ｍｌ,14,700
2012/11/18,Sun,,赤城　ガリガリ君ソーダ　１１３ｍｌ,4,200
2012/11/19,Mon,,赤城　ガリガリ君ソーダ　１１３ｍｌ,0,0
2012/11/20,Tue,,赤城　ガリガリ君ソーダ　１１３ｍｌ,3,189
2012/11/21,Wed,,赤城　ガリガリ君ソーダ　１１３ｍｌ,7,441
2012/11/22,Thu,,赤城　ガリガリ君ソーダ　１１３ｍｌ,7,441
2012/11/23,Fri,勤労感謝の日,赤城　ガリガリ君ソーダ　１１３ｍｌ,1,63
2012/11/24,Sat,,赤城　ガリガリ君ソーダ　１１３ｍｌ,5,220
2012/11/25,Sun,,赤城　ガリガリ君ソーダ　１１３ｍｌ,2,126
2012/11/26,Mon,,赤城　ガリガリ君ソーダ　１１３ｍｌ,0,0
2012/11/27,Tue,,赤城　ガリガリ君ソーダ　１１３ｍｌ,6,378
2012/11/28,Wed,,赤城　ガリガリ君ソーダ　１１３ｍｌ,2,126
2012/11/29,Thu,,赤城　ガリガリ君ソーダ　１１３ｍｌ,4,252
2012/11/30,Fri,,赤城　ガリガリ君ソーダ　１１３ｍｌ,5,315
2012/12/1,Sat,,赤城　ガリガリ君ソーダ　１１３ｍｌ,2,100
2012/12/2,Sun,,赤城　ガリガリ君ソーダ　１１３ｍｌ,8,400
2012/12/3,Mon,,赤城　ガリガリ君ソーダ　１１３ｍｌ,2,126
2012/12/4,Tue,,赤城　ガリガリ君ソーダ　１１３ｍｌ,2,126
2012/12/5,Wed,,赤城　ガリガリ君ソーダ　１１３ｍｌ,7,441
2012/12/6,Thu,,赤城　ガリガリ君ソーダ　１１３ｍｌ,1,63
2012/12/7,Fri,,赤城　ガリガリ君ソーダ　１１３ｍｌ,6,378
2012/12/8,Sat,,赤城　ガリガリ君ソーダ　１１３ｍｌ,5,315
2012/12/9,Sun,,赤城　ガリガリ君ソーダ　１１３ｍｌ,0,0
2012/12/10,Mon,,赤城　ガリガリ君ソーダ　１１３ｍｌ,0,0
2012/12/11,Tue,,赤城　ガリガリ君ソーダ　１１３ｍｌ,11,550
2012/12/12,Wed,,赤城　ガリガリ君ソーダ　１１３ｍｌ,2,100
2012/12/13,Thu,,赤城　ガリガリ君ソーダ　１１３ｍｌ,1,50
2012/12/14,Fri,,赤城　ガリガリ君ソーダ　１１３ｍｌ,1,63
2012/12/15,Sat,,赤城　ガリガリ君ソーダ　１１３ｍｌ,9,567
2012/12/16,Sun,,赤城　ガリガリ君ソーダ　１１３ｍｌ,2,126
2012/12/17,Mon,,赤城　ガリガリ君ソーダ　１１３ｍｌ,0,0
2012/12/18,Tue,,赤城　ガリガリ君ソーダ　１１３ｍｌ,5,315
2012/12/19,Wed,,赤城　ガリガリ君ソーダ　１１３ｍｌ,0,0
2012/12/20,Thu,,赤城　ガリガリ君ソーダ　１１３ｍｌ,0,0
2012/12/21,Fri,,赤城　ガリガリ君ソーダ　１１３ｍｌ,0,0
2012/12/22,Sat,,赤城　ガリガリ君ソーダ　１１３ｍｌ,4,252
2012/12/23,Sun,天皇誕生日,赤城　ガリガリ君ソーダ　１１３ｍｌ,6,378
2012/12/24,Mon,振替休日,赤城　ガリガリ君ソーダ　１１３ｍｌ,4,252
2012/12/25,Tue,,赤城　ガリガリ君ソーダ　１１３ｍｌ,2,126
2012/12/26,Wed,,赤城　ガリガリ君ソーダ　１１３ｍｌ,4,252
2012/12/27,Thu,,赤城　ガリガリ君ソーダ　１１３ｍｌ,7,417
2012/12/28,Fri,,赤城　ガリガリ君ソーダ　１１３ｍｌ,1,63
2012/12/29,Sat,,赤城　ガリガリ君ソーダ　１１３ｍｌ,8,504
2012/12/30,Sun,,赤城　ガリガリ君ソーダ　１１３ｍｌ,0,0
2012/12/31,Mon,,赤城　ガリガリ君ソーダ　１１３ｍｌ,3,189